{
  "Hybrid_RMSE": 1544.5374347441114,
  "Hybrid_MAPE": 122.35098009474574,
  "SARIMAX_Only_RMSE": 1572.6904336663274
}