{
  "Hybrid_RMSE": 238.85016658904814,
  "Hybrid_MAPE": 14.045083414026694,
  "SARIMAX_Only_RMSE": 235.04125113355974,
  "SARIMAX_Only_MAPE": 13.918976874838107,
  "LSTM_Only_RMSE": 160.5962683538342,
  "LSTM_Only_MAPE": 8.522275772997743
}