{
  "SARIMAX_RMSE": 436.2374041996842,
  "SARIMAX_MAPE": 27.994691447492055,
  "LSTM_RMSE": 240.89713465515388,
  "LSTM_MAPE": 15.83038773791931
}