{
  "SARIMAX_RMSE": 436.24943959681167,
  "SARIMAX_MAPE": 27.995731276372602,
  "LSTM_RMSE": 240.89709848864817,
  "LSTM_MAPE": 15.830384974640776
}