{
  "Hybrid_RMSE": 640.2581272920427,
  "Hybrid_MAPE": 51.56164303440545,
  "SARIMAX_Only_RMSE": 562.0195601882435
}